"0","paginas
"
"1"," [1]"
"1"," ""/articulo/gente/muere-liam-payne-ex-one-direction-caer-tercer-piso-buenos-aires/202410170753271324863.html""           "
"1","
"
"1"," [2]"
"1"," ""/articulo/pontevedra/ambulantes-difundiran-suas-reivindicacions-todo-mundo/202308231027331267608.html""                "
"1","
"
"1"," [3]"
"1"," ""/blog/ramon-rozas-ramonismo/dante-otra-orilla/202307251739271263938.html""                                             "
"1","
"
"1"," [4]"
"1"," ""/video/videos/conductores-buenos-aires-sacan-guardarrail-evitar-atasco/202303011139171242401.html""                    "
"1","
"
"1"," [5]"
"1"," ""/video/videos/choco-carlos-bianchi-extecnico-multicampeon-boca-velez-colisiono-moto/202211072036351226034.html""       "
"1","
"
"1"," [6]"
"1"," ""/video/videos/mujer-cae-debajo-tren-buenos-aires-sobrevive-danos-graves-afp/202204192011211196399.html""               "
"1","
"
"1"," [7]"
"1"," ""/articulo/deporte-general/miles-personas-despiden-maradona-casa-rosada/202011261353131114671.html""                    "
"1","
"
"1"," [8]"
"1"," ""/articulo/pontevedra/cruzar-charco-sacar-dni/202001251246091070546.html""                                              "
"1","
"
"1"," [9]"
"1"," ""/video/videos/panico-avion-volaba-miami-buenos-aires-fuertes-turbulencias/201810200017391005477.html""                 "
"1","
"
"1","[10]"
"1"," ""/articulo/cultura/inician-traslado-bos-aires-galicia-derradeira-leicion-do-mestre-castelao/201809252342411001946.html"""
"1","
"
"1","[11]"
"1"," ""/articulo/galicia/xunta-garante-preservara-patrimonio-do-centro-galego-buenos-aires/20180503123415978672.html""        "
"1","
"
"1","[12]"
"1"," ""/articulo/sociedad/centro-gallego-buenos-aires-aplaza-decision-venta/20180425211714977405.html""                       "
"1","
"
"1","[13]"
"1"," ""/articulo/espana/rajoy-renuncia-caminatas-diarias-ni-buenos-aires/20180411212742975061.html""                          "
"1","
"
"1","[14]"
"1"," ""/articulo/mundo/centro-gallego-buenos-aires-afronta-posible-venta/20171219133755957130.html""                          "
"1","
"
"1","[15]"
"1"," ""/video/mundo/mas-80-heridos-48-detenidos-disturbios-registrados-buenos-aires/20171219014737957087.html""               "
"1","
"
