"0","for(i in 1:length(links_completos)){
  
  print(paste(""Obteniendo información de noticia:\n "",links_completos[i]))
  
  resultado <- tabla_noticias(links_completos[i])
  
  noticias <- noticias %>% 
    bind_rows(resultado)
  
}
"
"1","[1]"
"1"," ""Obteniendo información de noticia:\n  https://www.infobae.com/america/agencias/2024/11/05/oscar-gilsanz-se-queda-como-entrenador-del-deportivo-de-la-coruna-hasta-final-de-temporada/"""
"1","
"
"1","[1]"
"1"," ""Obteniendo información de noticia:\n  https://www.infobae.com/america/agencias/2024/11/27/cacereno-atletico-de-madrid-y-sant-andreu-betis-duelos-estrella-de-la-segunda-eliminatoria-de-copa/"""
"1","
"
"1","[1]"
"1"," ""Obteniendo información de noticia:\n  https://www.infobae.com/espana/deportes/2024/11/17/la-camiseta-del-depor-firmada-por-toda-la-plantilla-que-un-sacerdote-ha-regalado-al-papa-francisco-en-su-visita-al-vaticano/"""
"1","
"
"1","[1]"
"1"," ""Obteniendo información de noticia:\n  https://www.infobae.com/deportes/2024/11/14/uno-de-los-mentores-de-scaloni-conto-detalles-poco-conocidos-de-su-formacion-como-entrenador-es-el-mejor-del-mundo/"""
"1","
"
"1","[1]"
"1"," ""Obteniendo información de noticia:\n  https://www.infobae.com/america/agencias/2024/09/30/la-primera-ronda-de-la-copa-del-rey-se-sortea-el-10-de-octubre/"""
"1","
"
"1","[1]"
"1"," ""Obteniendo información de noticia:\n  https://www.infobae.com/deportes/2024/11/13/lionel-scaloni-revelo-que-se-contacto-con-la-manager-de-franco-colapinto-para-organizar-un-encuentro/"""
"1","
"
"1","[1]"
"1"," ""Obteniendo información de noticia:\n  https://www.infobae.com/espana/deportes/2024/11/03/un-balon-de-oro-apunta-a-futuro-entrenador-de-un-equipo-historico-de-la-liga-espanola-que-hoy-esta-en-segunda/"""
"1","
"
"1","[1]"
"1"," ""Obteniendo información de noticia:\n  https://www.infobae.com/deportes/2024/07/16/la-impactante-reflexion-del-mentor-de-scaloni-me-recuerda-a-guardiola-pero-seria-un-excelente-entrenador-para-el-real-madrid/"""
"1","
"
"1","[1]"
"1"," ""Obteniendo información de noticia:\n  https://www.infobae.com/america/agencias/2024/08/19/el-barca-abrira-la-liga-f-ante-el-recien-ascendido-deportivo-y-el-real-madrid-se-estrenara-ante-el-espanyol/"""
"1","
"
"1","[1]"
"1"," ""Obteniendo información de noticia:\n  https://www.infobae.com/deportes/2023/08/01/emotivo-homenaje-a-scaloni-en-la-coruna-el-momento-en-el-que-se-lo-confundieron-con-messi-el-abrazo-con-sus-hijos-y-un-lujoso-regalo/"""
"1","
"
"1","[1]"
"1"," ""Obteniendo información de noticia:\n  https://www.infobae.com/deportes/2024/07/23/el-homenaje-de-newells-a-lionel-scaloni-tras-ser-campeon-de-la-copa-america-con-la-seleccion-argentina-mucho-mas-de-lo-que-uno-creia/"""
"1","
"
"1","[1]"
"1"," ""Obteniendo información de noticia:\n  https://www.infobae.com/espana/2023/09/13/el-campeon-del-mundo-scaloni-hace-sufrir-a-pedro-delgado-en-el-angliru-que-sube-hoy-la-vuelta-a-espana-suave-leo-que-estas-con-un-abuelito/"""
"1","
"
"1","[1]"
"1"," ""Obteniendo información de noticia:\n  https://www.infobae.com/deportes/2024/10/30/la-emotiva-carta-de-un-periodista-espanol-a-maradona-principe-y-mendigo-gaucho-incansable-gardel-infinito/"""
"1","
"
"1","[1]"
"1"," ""Obteniendo información de noticia:\n  https://www.infobae.com/deportes/2024/07/03/las-perlitas-de-scaloni-en-la-conferencia-una-revelacion-que-sorprendio-a-un-periodista-de-espana-y-la-queja-que-paso-inadvertida/"""
"1","
"
"1","[1]"
"1"," ""Obteniendo información de noticia:\n  https://www.infobae.com/america/agencias/2024/06/01/el-real-madrid-logra-su-quinto-doblete-liga-copa-de-europa-y-su-primera-champions-invicto/"""
"1","
"
"1","[1]"
"1"," ""Obteniendo información de noticia:\n  https://www.infobae.com/america/agencias/2024/06/02/el-real-madrid-logra-su-quinto-doblete-liga-copa-de-europa-y-su-primera-champions-invicto/"""
"1","
"
"1","[1]"
"1"," ""Obteniendo información de noticia:\n  https://www.infobae.com/deportes-2/2018/04/29/deportivo-la-coruna-vs-barcelona-de-messi-liga-de-espana-2018-hora-tv-y-formaciones/"""
"1","
"
"1","[1]"
"1"," ""Obteniendo información de noticia:\n  https://www.infobae.com/deportes/2024/03/22/jugo-en-el-real-madrid-se-retiro-a-los-20-anos-y-trabajo-con-un-campeon-del-mundo-la-historia-del-dt-de-el-salvador-que-suena-con-un-batacazo-ante-argentina/"""
"1","
"
"1","[1]"
"1"," ""Obteniendo información de noticia:\n  https://www.infobae.com/america/agencias/2024/05/09/el-real-madrid-busca-su-quinto-doblete-liga-copa-de-europa-y-su-primera-champions-invicto/"""
"1","
"
"1","[1]"
"1"," ""Obteniendo información de noticia:\n  https://www.infobae.com/america/agencias/2020/07/20/deportivo-campeon-del-2000-desciende-a-3ra-division/"""
"1","
"
"1","[1]"
"1"," ""Obteniendo información de noticia:\n  https://www.infobae.com/deportes/2024/05/04/real-madrid-se-consagro-campeon-de-la-liga-espanola-tras-la-derrota-del-barcelona-y-estallaron-los-memes/"""
"1","
"
"1","[1]"
"1"," ""Obteniendo información de noticia:\n  https://www.infobae.com/espana/agencias/2024/10/06/1-0-el-barca-campeon-de-la-supercopa-por-tercer-ano-consecutivo/"""
"1","
"
"1","[1]"
"1"," ""Obteniendo información de noticia:\n  https://www.infobae.com/deportes-2/2018/04/27/agenda-deportiva-varios-pueden-gritar-campeon-este-fin-de-semana/"""
"1","
"
"1","[1]"
"1"," ""Obteniendo información de noticia:\n  https://www.infobae.com/america/agencias/2021/03/29/el-deportivo-la-coruna-sigue-alejandose-de-su-antigua-gloria-y-toca-fondo-una-vez-mas-2/"""
"1","
"
"1","[1]"
"1"," ""Obteniendo información de noticia:\n  https://www.infobae.com/espana/2024/01/14/real-madrid-barcelona-en-directo-sigue-en-vivo-la-final-de-la-supercopa-de-espana/"""
"1","
"
"1","[1]"
"1"," ""Obteniendo información de noticia:\n  https://www.infobae.com/america/agencias/2024/09/16/real-madrid-barca-atletico-madrid-cff-athletic-y-eibar-suman-su-segunda-victoria-en-liga-f/"""
"1","
"
"1","[1]"
"1"," ""Obteniendo información de noticia:\n  https://www.infobae.com/america/agencias/2024/09/15/real-madrid-barca-atletico-madrid-cff-athletic-y-eibar-suman-su-segunda-victoria-en-liga-f/"""
"1","
"
"1","[1]"
"1"," ""Obteniendo información de noticia:\n  https://www.infobae.com/america/agencias/2024/09/05/previa-el-todopoderoso-barca-quiere-conquistar-su-quinta-liga-f-consecutiva-con-la-amenaza-del-real-madrid/"""
"1","
"
"1","[1]"
"1"," ""Obteniendo información de noticia:\n  https://www.infobae.com/colombia/deportes/2024/09/05/asi-fue-como-marlos-moreno-paso-de-ser-promesa-del-futbol-colombiano-a-jugar-en-la-segunda-division-espanola/"""
"1","
"
"1","[1]"
"1"," ""Obteniendo información de noticia:\n  https://www.infobae.com/deportes/2023/03/09/quien-es-scaloni-la-historia-jamas-contada-de-como-se-dio-la-transferencia-del-entrenador-de-la-seleccion-argentina-a-espana/"""
"1","
"
"1","[1]"
"1"," ""Obteniendo información de noticia:\n  https://www.infobae.com/america/agencias/2021/05/24/los-77-puntos-del-sevilla-le-hubieran-hecho-campeon-en-cinco-ocasiones/"""
"1","
"
"1","[1]"
"1"," ""Obteniendo información de noticia:\n  https://www.infobae.com/espana/2023/05/05/muere-arsenio-iglesias-icono-del-futbol-de-los-90-como-entrenador-de-deportivo-y-real-madrid/"""
"1","
"
"1","[1]"
"1"," ""Obteniendo información de noticia:\n  https://www.infobae.com/america/agencias/2020/07/20/futbolsegunda-cronica-ganan-lugo-y-albacete-y-envian-al-deportivo-a-segunda-b-y-el-huesca-es-campeon/"""
"1","
"
"1","[1]"
"1"," ""Obteniendo información de noticia:\n  https://www.infobae.com/america/agencias/2023/08/05/mauro-silva-y-bebeto-reciben-la-insignia-de-oro-y-brillantes-del-deportivo-de-la-coruna/"""
"1","
"
"1","[1]"
"1"," ""Obteniendo información de noticia:\n  https://www.infobae.com/america/agencias/2023/08/01/scaloni-recibe-la-insignia-de-oro-y-brillantes-del-deportivo-de-la-coruna/"""
"1","
"
"1","[1]"
"1"," ""Obteniendo información de noticia:\n  https://www.infobae.com/deportes/2023/01/31/scaloni-revelo-que-club-le-gustaria-dirigir-mientras-aguarda-la-firma-de-su-continuidad-en-la-seleccion-argentina/"""
"1","
"
"1","[1]"
"1"," ""Obteniendo información de noticia:\n  https://www.infobae.com/america/agencias/2020/07/16/el-palmares-y-los-ultimos-diez-campeones-de-laliga/"""
"1","
"
"1","[1]"
"1"," ""Obteniendo información de noticia:\n  https://www.infobae.com/america/agencias/2023/05/14/los-campeones-de-la-liga-de-espana/"""
"1","
"
"1","[1]"
"1"," ""Obteniendo información de noticia:\n  https://www.infobae.com/america/agencias/2023/05/07/campeones-en-la-historia-de-la-copa-del-rey/"""
"1","
"
"1","[1]"
"1"," ""Obteniendo información de noticia:\n  https://www.infobae.com/america/deportes/2018/04/29/el-insolito-error-en-las-camisetas-de-campeon-del-barcelona/"""
"1","
"
"1","[1]"
"1"," ""Obteniendo información de noticia:\n  https://www.infobae.com/espana/deportes/2024/07/21/valencia-en-shock-por-que-mestalla-se-ha-quedado-fuera-del-mundial-de-futbol/"""
"1","
"
"1","[1]"
"1"," ""Obteniendo información de noticia:\n  https://www.infobae.com/2016/05/01/1808385-el-caso-leicester-los-ultimos-campeones-debutantes-las-ligas-mas-importantes-del-mundo/"""
"1","
"
"1","[1]"
"1"," ""Obteniendo información de noticia:\n  https://www.infobae.com/america/deportes/2018/04/29/el-campeon-de-la-decada-el-video-con-el-que-el-barcelona-le-marca-la-cancha-al-real-madrid/"""
"1","
"
"1","[1]"
"1"," ""Obteniendo información de noticia:\n  https://www.infobae.com/deportes/2023/01/01/la-entrevista-en-la-que-lionel-scaloni-anticipo-hace-ocho-anos-el-espiritu-que-llevo-a-la-argentina-a-ganar-el-mundial-de-qatar/"""
"1","
"
"1","[1]"
"1"," ""Obteniendo información de noticia:\n  https://www.infobae.com/america/agencias/2021/09/24/sofia-toro-oro-olimpico-para-la-gestion-de-la-industria-del-deporte/"""
"1","
"
"1","[1]"
"1"," ""Obteniendo información de noticia:\n  https://www.infobae.com/america/colombia/2021/09/30/estas-son-las-jugadoras-que-reforzaran-al-deportivo-cali-en-la-copa-libertadores-femenina/"""
"1","
"
"1","[1]"
"1"," ""Obteniendo información de noticia:\n  https://www.infobae.com/america/agencias/2024/06/24/instituciones-y-clubs-expresan-su-pesar-por-la-muerte-de-caneda-llevo-a-lo-mas-alto-a-la-sd-compostela/"""
"1","
"
"1","[1]"
"1"," ""Obteniendo información de noticia:\n  https://www.infobae.com/2015/06/11/1734539-y-ahora-un-partido-del-campeon-barcelona-esta-la-mira-un-supuesto-arreglo/"""
"1","
"
"1","[1]"
"1"," ""Obteniendo información de noticia:\n  https://www.infobae.com/2016/05/14/1811554-barcelona-se-consagro-campeon-espana/"""
"1","
"
"1","[1]"
"1"," ""Obteniendo información de noticia:\n  https://www.infobae.com/deportes/2024/05/22/la-emotiva-carta-de-federico-valverde-a-toni-kroos-tras-el-anuncio-de-su-retiro-nunca-deje-de-ser-ese-nino-que-siempre-te-admiro/"""
"1","
"
"1","[1]"
"1"," ""Obteniendo información de noticia:\n  https://www.infobae.com/peru/deportes/2024/06/13/david-doniga-entrenador-de-el-salvador-sus-propositos-con-la-selecta-la-extrema-dificultad-de-enfrentar-a-peru-y-su-respeto-absoluto-por-jorge-fossati/"""
"1","
"
"1","[1]"
"1"," ""Obteniendo información de noticia:\n  https://www.infobae.com/peru/deportes/2024/05/18/diego-elias-campeon-del-mundo-en-squash-peruano-hizo-historia-al-ser-el-primer-sudamericano-en-lograrlo/"""
"1","
"
"1","[1]"
"1"," ""Obteniendo información de noticia:\n  https://www.infobae.com/2016/05/15/1811812-los-mejores-memes-del-barcelona-campeon-la-liga-espanola/"""
"1","
"
"1","[1]"
"1"," ""Obteniendo información de noticia:\n  https://www.infobae.com/america/agencias/2024/06/28/el-delantero-espanol-joselu-deja-el-real-madrid-y-se-marcha-al-al-gharafa-de-catar/"""
"1","
"
"1","[1]"
"1"," ""Obteniendo información de noticia:\n  https://www.infobae.com/america/agencias/2020/09/25/nacho-gonzalez-lo-que-me-motivo-es-lo-grande-que-es-el-depor/"""
"1","
"
"1","[1]"
"1"," ""Obteniendo información de noticia:\n  https://www.infobae.com/america/colombia/2022/06/25/quizas-la-liga-ya-es-demasiado-dificil-para-el-a-sus-36-anos-rivaldo-acerca-de-falcao/"""
"1","
"
"1","[1]"
"1"," ""Obteniendo información de noticia:\n  https://www.infobae.com/2015/05/23/1730403-dos-tantos-messi-el-barca-campeon-igualo-un-la-coruna-que-se-salvo/"""
"1","
"
"1","[1]"
"1"," ""Obteniendo información de noticia:\n  https://www.infobae.com/america/agencias/2022/04/30/el-real-madrid-sucede-al-atletico-en-el-palmares-de-laliga/"""
"1","
"
"1","[1]"
"1"," ""Obteniendo información de noticia:\n  https://www.infobae.com/america/agencias/2024/06/13/la-portera-espanola-misa-rodriguez-renueva-dos-temporadas-mas-con-el-real-madrid/"""
"1","
"
"1","[1]"
"1"," ""Obteniendo información de noticia:\n  https://www.infobae.com/2013/06/01/713484-como-terminaron-las-ligas-europeas-copas-ascensos-campeones-y-descendidos/"""
"1","
"
"1","[1]"
"1"," ""Obteniendo información de noticia:\n  https://www.infobae.com/2013/05/31/713311-real-sociedad-ingreso-la-champions-zaragoza-deportivo-y-mallorca-la-b/"""
"1","
"
"1","[1]"
"1"," ""Obteniendo información de noticia:\n  https://www.infobae.com/america/agencias/2020/07/20/deportivo-desciende-a-tercera-categoria-del-futbol-espanol/"""
"1","
"
"1","[1]"
"1"," ""Obteniendo información de noticia:\n  https://www.infobae.com/america/agencias/2020/12/16/futbolcopa-previa-betis-getafe-celta-y-granada-inician-su-camino-copero/"""
"1","
"
"1","[1]"
"1"," ""Obteniendo información de noticia:\n  https://www.infobae.com/america/agencias/2021/05/22/campeones-de-la-liga-espanola/"""
"1","
"
"1","[1]"
"1"," ""Obteniendo información de noticia:\n  https://www.infobae.com/deportes/2024/05/08/surgio-de-la-cantera-del-madrid-se-fue-por-no-tener-lugar-y-el-club-lo-recontrato-con-34-anos-joselu-el-heroe-impensado-ante-bayern-munich/"""
"1","
"
"1","[1]"
"1"," ""Obteniendo información de noticia:\n  https://www.infobae.com/america/agencias/2021/04/22/el-sevilla-a-nueve-puntos-de-igualar-su-record-en-laliga/"""
"1","
"
"1","[1]"
"1"," ""Obteniendo información de noticia:\n  https://www.infobae.com/america/agencias/2020/08/03/federacion-espanola-ordena-disputar-el-deportivo-fuenlabrada/"""
"1","
"
"1","[1]"
"1"," ""Obteniendo información de noticia:\n  https://www.infobae.com/america/agencias/2021/04/17/campeones-en-la-historia-de-la-copa-del-rey/"""
"1","
"
"1","[1]"
"1"," ""Obteniendo información de noticia:\n  https://www.infobae.com/america/agencias/2020/07/19/futbolsegunda-previa-el-fuenlabrada-defiende-la-gloria-y-el-deportivo-se-juega-la-vida/"""
"1","
"
"1","[1]"
"1"," ""Obteniendo información de noticia:\n  https://www.infobae.com/deportes/2020/04/26/las-sorprendentes-sentencias-de-un-campeon-del-mundo-con-espana-es-peor-descender-como-le-paso-a-river-que-la-final-que-perdio-boca/"""
"1","
"
"1","[1]"
"1"," ""Obteniendo información de noticia:\n  https://www.infobae.com/america/agencias/2024/05/04/el-real-madrid-conquista-su-liga-numero-36-la-quinta-en-una-decada/"""
"1","
"
"1","[1]"
"1"," ""Obteniendo información de noticia:\n  https://www.infobae.com/america/agencias/2020/08/07/pauleta-es-la-hora-de-jugadores-que-marcan-la-diferencia-como-joao-felix/"""
"1","
"
"1","[1]"
"1"," ""Obteniendo información de noticia:\n  https://www.infobae.com/america/agencias/2020/07/07/el-deportivo-ficha-a-la-colombiana-lady-andrade/"""
"1","
"
"1","[1]"
"1"," ""Obteniendo información de noticia:\n  https://www.infobae.com/2009/05/17/448907-mallorca-derroto-al-barcelona-campeon/"""
"1","
"
"1","[1]"
"1"," ""Obteniendo información de noticia:\n  https://www.infobae.com/america/agencias/2020/07/20/se-pospone-el-deportivo-fuenlabrada-por-casos-de-covid-19/"""
"1","
"
"1","[1]"
"1"," ""Obteniendo información de noticia:\n  https://www.infobae.com/america/agencias/2024/05/13/el-depor-asciende-a-segunda-y-regresa-al-futbol-profesional-cuatro-anos-despues/"""
"1","
"
"1","[1]"
"1"," ""Obteniendo información de noticia:\n  https://www.infobae.com/2006/04/09/248352-con-la-euforia-la-champions-villarreal-recibe-la-coruna/"""
"1","
"
"1","[1]"
"1"," ""Obteniendo información de noticia:\n  https://www.infobae.com/america/agencias/2024/05/12/el-depor-asciende-a-segunda-y-regresa-al-futbol-profesional-cuatro-anos-despues/"""
"1","
"
"1","[1]"
"1"," ""Obteniendo información de noticia:\n  https://www.infobae.com/america/agencias/2020/07/16/los-campeones-en-la-historia-de-la-liga-espanola/"""
"1","
"
"1","[1]"
"1"," ""Obteniendo información de noticia:\n  https://www.infobae.com/america/agencias/2020/09/11/el-palmares-de-la-liga-espanola/"""
"1","
"
"1","[1]"
"1"," ""Obteniendo información de noticia:\n  https://www.infobae.com/2004/12/08/156417-saviola-dijo-presente-la-goleada-del-monaco-la-coruna/"""
"1","
"
"1","[1]"
"1"," ""Obteniendo información de noticia:\n  https://www.infobae.com/2004/08/25/135294-andres-d-039alessandro-se-acerca-al-deportivo-la-coruna/"""
"1","
"
"1","[1]"
"1"," ""Obteniendo información de noticia:\n  https://www.infobae.com/2006/07/01/263532-abbondanzieri-podria-pasar-al-deportivo-la-coruna/"""
"1","
"
"1","[1]"
"1"," ""Obteniendo información de noticia:\n  https://www.infobae.com/colombia/deportes/2024/04/07/la-dura-baja-que-tendra-la-seleccion-colombia-femenina-para-los-juegos-olimpicos-paris-2024/"""
"1","
"
"1","[1]"
"1"," ""Obteniendo información de noticia:\n  https://www.infobae.com/america/agencias/2020/08/06/agenda-internacional-afp-de-los-proximos-7-dias/"""
"1","
"
"1","[1]"
"1"," ""Obteniendo información de noticia:\n  https://www.infobae.com/america/agencias/2020/08/05/agenda-internacional-afp-de-los-proximos-7-dias/"""
"1","
"
"1","[1]"
"1"," ""Obteniendo información de noticia:\n  https://www.infobae.com/deportes-2/2018/04/29/el-ultimo-festejo-de-andres-iniesta-con-la-camiseta-del-barcelona-el-repaso-de-sus-32-titulos/"""
"1","
"
"1","[1]"
"1"," ""Obteniendo información de noticia:\n  https://www.infobae.com/deportes-2/2018/04/29/lionel-messi-sumo-un-nuevo-titulo-en-barcelona-los-impactantes-numeros-que-lo-respaldan-como-el-mejor-de-la-historia/"""
"1","
"
"1","[1]"
"1"," ""Obteniendo información de noticia:\n  https://www.infobae.com/2004/03/23/104335-el-milan-recibe-al-deportivo-la-coruna-la-liga-campeones/"""
"1","
"
"1","[1]"
"1"," ""Obteniendo información de noticia:\n  https://www.infobae.com/deportes/2023/11/23/el-contundente-consejo-de-uno-de-los-tecnicos-que-mas-conoce-a-scaloni-luego-de-que-pusiera-en-duda-su-continuidad-en-la-seleccion/"""
"1","
"
"1","[1]"
"1"," ""Obteniendo información de noticia:\n  https://www.infobae.com/deportes-2/2019/03/20/scaloni-ve-bien-el-futbol-por-que-no-puede-ser-el-zidane-del-real-madrid/"""
"1","
"
"1","[1]"
"1"," ""Obteniendo información de noticia:\n  https://www.infobae.com/deportes-2/2017/03/12/liga-de-espana-201617-deportivo-la-coruna-vs-barcelona-de-lionel-messi/"""
"1","
"
"1","[1]"
"1"," ""Obteniendo información de noticia:\n  https://www.infobae.com/mexico/2023/06/22/los-futbolistas-mexicanos-que-dejaron-europa-para-llegar-a-tigres/"""
"1","
"
"1","[1]"
"1"," ""Obteniendo información de noticia:\n  https://www.infobae.com/america/deportes/mundial-rusia-2018/2018/06/04/messi-presento-sus-nuevas-botas-rodeado-de-cabras-tras-una-campana-que-se-convirtio-en-furor/"""
"1","
"
"1","[1]"
"1"," ""Obteniendo información de noticia:\n  https://www.infobae.com/2015/05/16/1728974-en-las-puertas-la-gloria-que-necesita-barcelona-consagrarse-manana-como-nuevo-campeon-la-liga/"""
"1","
"
"1","[1]"
"1"," ""Obteniendo información de noticia:\n  https://www.infobae.com/america/agencias/2023/08/01/scaloni-el-argentino-que-siempre-llevara-a-la-coruna-en-el-corazon/"""
"1","
"
"1","[1]"
"1"," ""Obteniendo información de noticia:\n  https://www.infobae.com/espana/agencias/2023/08/01/scaloni-el-argentino-que-siempre-llevara-a-coruna-en-el-corazon/"""
"1","
"
"1","[1]"
"1"," ""Obteniendo información de noticia:\n  https://www.infobae.com/mexico/2024/01/21/canticos-pasillo-y-lagrimas-asi-fue-la-emotiva-despedida-de-andres-guardado-con-el-betis/"""
"1","
"
"1","[1]"
"1"," ""Obteniendo información de noticia:\n  https://www.infobae.com/2016/05/14/1811581-el-real-madrid-le-gano-la-coruna-pero-no-pudo-arrebatarle-el-titulo-al-barca/"""
"1","
"
"1","[1]"
"1"," ""Obteniendo información de noticia:\n  https://www.infobae.com/2016/04/20/1805507-barcelona-volvio-ser-barcelona-aplasto-8-0-al-deportivo-un-gol-messi-y-cuatro-suarez-seguir-la-punta/"""
"1","
"
"1","[1]"
"1"," ""Obteniendo información de noticia:\n  https://www.infobae.com/2014/12/21/1616413-el-delantero-argentino-del-momento-vietto-anoto-duplicado-y-villarreal-goleo-al-deportivo/"""
"1","
"
"1","[1]"
"1"," ""Obteniendo información de noticia:\n  https://www.infobae.com/mexico/2023/06/09/andres-guardado-relato-como-obtuvo-la-camiseta-de-messi/"""
"1","
"
"1","[1]"
"1"," ""Obteniendo información de noticia:\n  https://www.infobae.com/deportes-2/2018/05/01/la-metamorfosis-de-lionel-messi-como-absorbio-a-xavi-y-a-iniesta-segun-menotti/"""
"1","
"
"1","[1]"
"1"," ""Obteniendo información de noticia:\n  https://www.infobae.com/america/deportes/2018/04/27/entre-lagrimas-andres-iniesta-anuncio-que-se-va-del-barcelona/"""
"1","
"
"1","[1]"
"1"," ""Obteniendo información de noticia:\n  https://www.infobae.com/america/deportes/2018/04/19/ante-la-caida-del-atletico-madrid-que-le-falta-a-barcelona-para-salir-campeon-de-la-liga-de-espana/"""
"1","
"
"1","[1]"
"1"," ""Obteniendo información de noticia:\n  https://www.infobae.com/deportes-2/2018/03/26/arriesgar-a-messi-cual-es-la-lesion-que-tiene-y-que-preocupa-a-la-seleccion-y-al-barcelona/"""
"1","
"
"1","[1]"
"1"," ""Obteniendo información de noticia:\n  https://www.infobae.com/deportes-2/2017/01/03/lionel-messi-visito-un-hospital-de-ninos-con-el-barcelona-y-tuvo-un-gesto-con-un-ex-campeon-del-mundo/"""
"1","
"
"1","[1]"
"1"," ""Obteniendo información de noticia:\n  https://www.infobae.com/colombia/2023/07/16/este-es-ruben-de-la-barrera-el-entrenador-que-podria-llegar-a-atletico-nacional/"""
"1","
"
"1","[1]"
"1"," ""Obteniendo información de noticia:\n  https://www.infobae.com/deportes/2023/07/18/pisalo-dolor-en-sevilla-por-la-muerte-de-domingo-perez-protagonista-de-una-de-las-anecdotas-mas-controvertidas-de-bilardo/"""
"1","
"
"1","[1]"
"1"," ""Obteniendo información de noticia:\n  https://www.infobae.com/espana/2023/07/09/muere-luis-suarez-miramontes-leyenda-del-futbol-espanol-al-que-dio-su-unico-balon-de-oro/"""
"1","
"
"1","[1]"
"1"," ""Obteniendo información de noticia:\n  https://www.infobae.com/2014/12/15/1615376-racing-racha-farina-y-un-golazo-sumarse-los-festejos-del-campeon/"""
"1","
"
"1","[1]"
"1"," ""Obteniendo información de noticia:\n  https://www.infobae.com/espana/2023/08/15/teresa-abelleira-la-bajita-que-pone-a-jugar-a-espana/"""
"1","
"
"1","[1]"
"1"," ""Obteniendo información de noticia:\n  https://www.infobae.com/2012/09/29/673232-con-uno-di-maria-el-real-madrid-goleo-facil-la-coruna-y-piensa-barcelona/"""
"1","
"
"1","[1]"
"1"," ""Obteniendo información de noticia:\n  https://www.infobae.com/deportes/2023/08/12/las-perlitas-de-la-visita-de-scaloni-al-inter-miami-el-reencuentro-con-beckham-tras-una-recordada-pelea-y-el-dialogo-con-celia-messi/"""
"1","
"
"1","[1]"
"1"," ""Obteniendo información de noticia:\n  https://www.infobae.com/deportes/2022/11/19/asi-juega-la-scaloneta-los-conceptos-e-ideas-de-lionel-scaloni-que-construyeron-el-estilo-de-la-seleccion-argentina/"""
"1","
"
"1","[1]"
"1"," ""Obteniendo información de noticia:\n  https://www.infobae.com/deportes/2023/05/06/real-madrid-derroto-2-1-a-osasuna-en-la-final-de-la-copa-del-rey-y-se-consagro-campeon/"""
"1","
"
"1","[1]"
"1"," ""Obteniendo información de noticia:\n  https://www.infobae.com/2015/03/13/1715414-el-valencia-los-argentinos-vencio-la-coruna-y-se-afianza-el-tercer-puesto/"""
"1","
"
"1","[1]"
"1"," ""Obteniendo información de noticia:\n  https://www.infobae.com/2016/05/08/1809946-el-real-vencio-valencia-y-da-pelea-la-liga-/"""
"1","
"
"1","[1]"
"1"," ""Obteniendo información de noticia:\n  https://www.infobae.com/2013/03/11/1067837-los-27-goles-los-que-messi-logro-otro-record/"""
"1","
"
"1","[1]"
"1"," ""Obteniendo información de noticia:\n  https://www.infobae.com/2013/03/10/700223-los-27-goles-los-que-messi-alcanzo-las-17-jornadas-seguidas-marcando/"""
"1","
"
"1","[1]"
"1"," ""Obteniendo información de noticia:\n  https://www.infobae.com/2012/10/22/1060136-para-tito-vilanova-messi-es-irrepetible/"""
"1","
"
"1","[1]"
"1"," ""Obteniendo información de noticia:\n  https://www.infobae.com/2005/11/27/225049-villarreal-suma-y-crece-la-liga-la-mano-riquelme-y-sorin/"""
"1","
"
"1","[1]"
"1"," ""Obteniendo información de noticia:\n  https://www.infobae.com/america/deportes/futbol-europeo/2022/05/02/un-jugador-espanol-fingio-tener-covid-19-para-ir-a-alentar-a-otro-equipo-y-su-club-le-rescindio-el-contrato/"""
"1","
"
"1","[1]"
"1"," ""Obteniendo información de noticia:\n  https://www.infobae.com/2011/08/16/599975-real-madrid-buscara-alcanzar-al-barcelona-como-maximo-ganador-la-supercopa/"""
"1","
"
"1","[1]"
"1"," ""Obteniendo información de noticia:\n  https://www.infobae.com/deportes/2022/12/27/del-saludo-de-hinchas-argentinos-al-abrazo-con-uno-de-sus-hijos-el-emotivo-recibimiento-a-scaloni-en-su-llegada-a-mallorca/"""
"1","
"
"1","[1]"
"1"," ""Obteniendo información de noticia:\n  https://www.infobae.com/2011/05/19/582538-espana-fecha-38-cronograma-resultados-y-posiciones/"""
"1","
"
"1","[1]"
"1"," ""Obteniendo información de noticia:\n  https://www.infobae.com/2015/01/18/1621504-con-un-doblete-cristiano-ronaldo-el-real-madrid-resolvio-un-partido-dificil-getafe-y-se-mantiene-arriba/"""
"1","
"
"1","[1]"
"1"," ""Obteniendo información de noticia:\n  https://www.infobae.com/2013/03/09/700161-intratable-lio-messi-amargo-al-deportivo-y-quebro-otro-increible-record-mundial/"""
"1","
"
"1","[1]"
"1"," ""Obteniendo información de noticia:\n  https://www.infobae.com/colombia/2023/01/17/real-valladolid-seria-el-nuevo-club-de-rafael-santos-borre/"""
"1","
"
"1","[1]"
"1"," ""Obteniendo información de noticia:\n  https://www.infobae.com/2010/01/13/495157-increible-pero-real-el-barcelona-se-quedo-fuera-la-copa-del-rey/"""
"1","
"
"1","[1]"
"1"," ""Obteniendo información de noticia:\n  https://www.infobae.com/america/agencias/2023/03/14/el-madrid-se-resguarda-de-una-remontada-ante-liverpool/"""
"1","
"
"1","[1]"
"1"," ""Obteniendo información de noticia:\n  https://www.infobae.com/2006/11/04/284760-con-el-apoyo-popular-saviola-sera-titular-el-barcelona/"""
"1","
"
"1","[1]"
"1"," ""Obteniendo información de noticia:\n  https://www.infobae.com/2005/09/13/210261-carlos-bianchi-quiere-levantar-el-animo-sus-jugadores/"""
"1","
"
"1","[1]"
"1"," ""Obteniendo información de noticia:\n  https://www.infobae.com/2011/05/21/1025562-descendio-el-deportivo-la-coruna/"""
"1","
"
"1","[1]"
"1"," ""Obteniendo información de noticia:\n  https://www.infobae.com/2009/01/11/425402-messi-dio-el-presente-un-golazo-y-el-barca-su-racha/"""
"1","
"
"1","[1]"
"1"," ""Obteniendo información de noticia:\n  https://www.infobae.com/america/agencias/2022/01/22/el-depor-dice-adios-al-consejero-que-dio-fe-de-fichajes-de-bebeto-y-mauro/"""
"1","
"
"1","[1]"
"1"," ""Obteniendo información de noticia:\n  https://www.infobae.com/2013/05/22/1071955-pellegrini-confirmo-su-partida-del-malaga/"""
"1","
"
"1","[1]"
"1"," ""Obteniendo información de noticia:\n  https://www.infobae.com/2005/05/16/184014-a-lionel-scaloni-lo-multaron-incitar-la-violencia-espana/"""
"1","
"
"1","[1]"
"1"," ""Obteniendo información de noticia:\n  https://www.infobae.com/america/agencias/2023/02/21/fallece-amancio-amaro-leyenda-del-real-madrid/"""
"1","
"
"1","[1]"
"1"," ""Obteniendo información de noticia:\n  https://www.infobae.com/2011/01/16/557100-el-real-madrid-empato-el-almeria-y-no-pudo-alcanzar-la-punta/"""
"1","
"
"1","[1]"
"1"," ""Obteniendo información de noticia:\n  https://www.infobae.com/2010/05/16/516476-barcelona-campeon/"""
"1","
"
"1","[1]"
"1"," ""Obteniendo información de noticia:\n  https://www.infobae.com/2005/05/04/181685-milan-enfrenta-al-psv-un-lugar-la-final-la-champions/"""
"1","
"
"1","[1]"
"1"," ""Obteniendo información de noticia:\n  https://www.infobae.com/2005/04/10/177015-el-villarreal-empato-el-final-del-partido/"""
"1","
"
"1","[1]"
"1"," ""Obteniendo información de noticia:\n  https://www.infobae.com/2005/01/31/164746-coloccini-paso-la-revision-medica-y-se-suma-la-coruna/"""
"1","
"
"1","[1]"
"1"," ""Obteniendo información de noticia:\n  https://www.infobae.com/america/mexico/2021/12/14/andres-guardado-y-su-pasion-por-el-atlas-siempre-sere-rojinegro/"""
"1","
"
"1","[1]"
"1"," ""Obteniendo información de noticia:\n  https://www.infobae.com/america/deportes/espn/2022/08/08/era-un-adelantado-jugabamos-diferente-al-resto-lionel-scaloni-sorprendio-al-hablar-sobre-uno-de-los-tecnicos-que-lo-marco/"""
"1","
"
"1","[1]"
"1"," ""Obteniendo información de noticia:\n  https://www.infobae.com/2011/09/22/607109-liga-espana-cronograma-resultados-y-posiciones/"""
"1","
"
"1","[1]"
"1"," ""Obteniendo información de noticia:\n  https://www.infobae.com/america/agencias/2022/05/27/fede-valverde-el-pajarito-vuela-cada-vez-mas-alto-en-busca-de-su-primera-champions/"""
"1","
"
"1","[1]"
"1"," ""Obteniendo información de noticia:\n  https://www.infobae.com/america/agencias/2022/12/07/el-otro-lionel-el-argentino-scaloni-se-enfrenta-a-van-gaal/"""
"1","
"
"1","[1]"
"1"," ""Obteniendo información de noticia:\n  https://www.infobae.com/2006/03/03/241510-rikkaard-le-dio-descanso-messi/"""
"1","
"
